User_ID,Product_ID,Gender,Age,Occupation,City_Category,Stay_In_Current_City_Years,Marital_Status,Product_Category_1,Product_Category_2,Product_Category_3,Purchase
1000001,P00069042,F,0-17,10,A,2,0,3,,,8370
1000001,P00248942,F,0-17,10,A,2,0,1,6,14,15200
1000001,P00087842,F,0-17,10,A,2,0,12,,,1422
1000001,P00085442,F,0-17,10,A,2,0,12,14,,1057
1000002,P00285442,M,55+,16,C,4+,0,8,,,7969
1000003,P00193542,M,26-35,15,A,3,0,1,2,,15227
1000004,P00184942,M,46-50,7,B,2,1,1,8,17,19215
1000004,P00346142,M,46-50,7,B,2,1,1,15,,15854
1000004,P0097242,M,46-50,7,B,2,1,1,16,,15686
1000005,P00274942,M,26-35,20,A,1,1,8,,,7871
1000005,P00251242,M,26-35,20,A,1,1,5,11,,5254
1000005,P00014542,M,26-35,20,A,1,1,8,,,3957
1000005,P00031342,M,26-35,20,A,1,1,8,,,6073
1000005,P00145042,M,26-35,20,A,1,1,1,2,5,15665
1000006,P00231342,F,51-55,9,A,1,0,5,8,14,5378
1000006,P00190242,F,51-55,9,A,1,0,4,5,,2079
1000006,P0096642,F,51-55,9,A,1,0,2,3,4,13055
1000006,P00058442,F,51-55,9,A,1,0,5,14,,8851
1000007,P00036842,M,36-45,1,B,1,1,1,14,16,11788
1000008,P00249542,M,26-35,12,C,4+,1,1,5,15,19614
1000008,P00220442,M,26-35,12,C,4+,1,5,14,,8584
1000008,P00156442,M,26-35,12,C,4+,1,8,,,9872
1000008,P00213742,M,26-35,12,C,4+,1,8,,,9743
1000008,P00214442,M,26-35,12,C,4+,1,8,,,5982
1000008,P00303442,M,26-35,12,C,4+,1,1,8,14,11927
1000009,P00135742,M,26-35,17,C,0,0,6,8,,16662
1000009,P00039942,M,26-35,17,C,0,0,8,,,5887
1000009,P00161442,M,26-35,17,C,0,0,5,14,,6973
1000009,P00078742,M,26-35,17,C,0,0,5,8,14,5391
1000010,P00085942,F,36-45,1,B,4+,1,2,4,8,16352
1000010,P00118742,F,36-45,1,B,4+,1,5,11,,8886
1000010,P00297942,F,36-45,1,B,4+,1,8,,,5875
1000010,P00266842,F,36-45,1,B,4+,1,5,,,8854
1000010,P00058342,F,36-45,1,B,4+,1,3,4,,10946
1000010,P00032442,F,36-45,1,B,4+,1,5,,,5152
1000010,P00105942,F,36-45,1,B,4+,1,5,,,7089
1000010,P00182642,F,36-45,1,B,4+,1,2,4,9,12909
1000010,P00186942,F,36-45,1,B,4+,1,5,12,,8770
1000010,P00155442,F,36-45,1,B,4+,1,1,11,15,15212
1000010,P00221342,F,36-45,1,B,4+,1,1,2,5,15705
1000010,P00087242,F,36-45,1,B,4+,1,14,,,7947
1000010,P00111142,F,36-45,1,B,4+,1,1,15,16,18963
1000010,P00259342,F,36-45,1,B,4+,1,5,9,,8718
1000010,P0094542,F,36-45,1,B,4+,1,2,4,9,16406
1000010,P00148642,F,36-45,1,B,4+,1,6,10,13,12642
1000010,P00312142,F,36-45,1,B,4+,1,8,,,10007
1000010,P00113242,F,36-45,1,B,4+,1,1,6,8,11562
1000011,P00192642,F,26-35,1,C,1,0,8,17,,6171
1000011,P00110842,F,26-35,1,C,1,0,1,2,5,19327
1000011,P00189642,F,26-35,1,C,1,0,8,13,,8027
1000012,P00304242,M,26-35,12,C,2,0,1,6,,15246
1000012,P00365242,M,26-35,12,C,2,0,5,8,,6865
1000013,P00129542,M,46-50,1,C,3,1,8,14,,5839
1000013,P00140742,M,46-50,1,C,3,1,1,15,,15912
1000013,P00182342,M,46-50,1,C,3,1,1,5,6,12107
1000014,P00276642,M,36-45,0,C,0,0,8,11,,5848
1000015,P00334242,M,26-35,7,A,1,0,1,8,,19653
1000015,P00247542,M,26-35,7,A,1,0,8,16,,5958
1000015,P00338442,M,26-35,7,A,1,0,1,16,,11415
1000015,P00275142,M,26-35,7,A,1,0,5,8,,5380
1000015,P00333042,M,26-35,7,A,1,0,5,8,,3594
1000015,P00166242,M,26-35,7,A,1,0,8,,,4209
1000015,P00161942,M,26-35,7,A,1,0,5,8,,5407
1000015,P00348242,M,26-35,7,A,1,0,8,,,7803
1000015,P00042142,M,26-35,7,A,1,0,1,2,6,11458
1000016,P00244242,F,36-45,0,C,0,1,1,2,15,11755
1000016,P00217742,F,36-45,0,C,0,1,5,14,,8702
1000017,P00019342,M,51-55,1,C,0,0,1,6,15,15872
1000017,P00100642,M,51-55,1,C,0,0,5,15,,8609
1000017,P00073842,M,51-55,1,C,0,0,1,15,17,15172
1000018,P00366542,F,18-25,3,B,3,0,5,,,1780
1000018,P00190742,F,18-25,3,B,3,0,3,4,9,10754
1000018,P00151842,F,18-25,3,B,3,0,4,8,9,2802
1000018,P00112642,F,18-25,3,B,3,0,1,2,5,19473
1000018,P00118442,F,18-25,3,B,3,0,1,2,,19672
1000018,P00034442,F,18-25,3,B,3,0,1,14,16,19313
1000018,P00222242,F,18-25,3,B,3,0,1,2,13,15182
1000018,P00118342,F,18-25,3,B,3,0,2,3,15,15985
1000018,P00324742,F,18-25,3,B,3,0,2,9,14,16454
1000018,P00190042,F,18-25,3,B,3,0,3,4,5,13551
1000018,P0094142,F,18-25,3,B,3,0,4,5,,697
1000018,P00138542,F,18-25,3,B,3,0,5,6,,7030
1000018,P00158542,F,18-25,3,B,3,0,5,6,13,5430
1000018,P00157542,F,18-25,3,B,3,0,8,14,,8011
1000018,P00044142,F,18-25,3,B,3,0,8,16,,5912
1000019,P00112542,M,0-17,10,A,3,0,1,11,15,7746
1000019,P00339542,M,0-17,10,A,3,0,1,,,19525
1000019,P00127842,M,0-17,10,A,3,0,1,2,15,11959
1000019,P00125942,M,0-17,10,A,3,0,1,2,15,19172
1000019,P00251342,M,0-17,10,A,3,0,5,11,,8773
1000019,P00249642,M,0-17,10,A,3,0,3,5,,11023
1000019,P00124842,M,0-17,10,A,3,0,11,,,4654
1000019,P00250642,M,0-17,10,A,3,0,11,,,4664
1000019,P00058142,M,0-17,10,A,3,0,3,4,12,8290
1000019,P00117442,M,0-17,10,A,3,0,5,14,,7011
1000019,P00251642,M,0-17,10,A,3,0,1,2,4,4211
1000019,P00244842,M,0-17,10,A,3,0,11,,,1539
1000021,P00220242,M,18-25,16,B,0,0,3,12,,3055
1000022,P00351142,M,18-25,15,A,4+,0,1,8,17,12099
1000022,P00213242,M,18-25,15,A,4+,0,5,8,,8797
1000022,P00195942,M,18-25,15,A,4+,0,3,4,,10681
1000022,P00115642,M,18-25,15,A,4+,0,8,14,,7801
1000022,P0098242,M,18-25,15,A,4+,0,1,16,,15517
1000022,P00262242,M,18-25,15,A,4+,0,1,11,16,12098
1000022,P00258742,M,18-25,15,A,4+,0,5,,,6976
1000022,P00218242,M,18-25,15,A,4+,0,5,8,,5384
1000022,P00021742,M,18-25,15,A,4+,0,5,,,6973
1000022,P00313042,M,18-25,15,A,4+,0,5,14,,5168
1000022,P00133742,M,18-25,15,A,4+,0,5,14,,3449
1000022,P00077042,M,18-25,15,A,4+,0,5,,,7177
1000022,P00280542,M,18-25,15,A,4+,0,11,,,4570
1000022,P00225842,M,18-25,15,A,4+,0,2,4,15,9564
1000023,P00278942,M,36-45,0,B,3,1,1,2,3,15766
1000023,P00004742,M,36-45,0,B,3,1,6,16,,8481
1000023,P00198042,M,36-45,0,B,3,1,11,16,,6108
1000023,P00177442,M,36-45,0,B,3,1,1,6,8,15354
1000023,P00000642,M,36-45,0,B,3,1,1,6,16,12015
1000023,P00288942,M,36-45,0,B,3,1,1,2,5,15371
1000023,P00270942,M,36-45,0,B,3,1,1,2,15,19239
1000023,P00345842,M,36-45,0,B,3,1,2,8,14,16137
1000023,P00032042,M,36-45,0,B,3,1,1,2,15,11887
1000023,P00313042,M,36-45,0,B,3,1,5,14,,5183
1000023,P00112342,M,36-45,0,B,3,1,13,16,,584
1000023,P00031842,M,36-45,0,B,3,1,1,5,12,7601
1000024,P00346642,F,26-35,7,A,3,1,8,,,2230
1000024,P00205642,F,26-35,7,A,3,1,5,8,,6940
1000024,P00248942,F,26-35,7,A,3,1,1,6,14,15774
1000025,P00206442,M,18-25,4,C,4+,0,1,5,9,15361
1000025,P00046742,M,18-25,4,C,4+,0,1,2,15,15770
1000025,P00120042,M,18-25,4,C,4+,0,1,2,,18974
1000026,P00043242,M,26-35,7,B,2,1,5,,,1848
1000026,P00057242,M,26-35,7,B,2,1,5,,,3624
1000026,P00022842,M,26-35,7,B,2,1,5,,,5275
1000026,P00252042,M,26-35,7,B,2,1,5,14,,5356
1000026,P00042242,M,26-35,7,B,2,1,5,15,,5411
1000026,P00059542,M,26-35,7,B,2,1,2,4,,9734
1000026,P00346642,M,26-35,7,B,2,1,8,,,7814
1000026,P00021242,M,26-35,7,B,2,1,8,16,,6098
1000026,P00023042,M,26-35,7,B,2,1,5,14,,5195
1000026,P00144242,M,26-35,7,B,2,1,5,14,,5220
1000026,P00101342,M,26-35,7,B,2,1,6,8,,16093
1000026,P00289342,M,26-35,7,B,2,1,5,8,14,3702
1000027,P00281742,M,26-35,11,C,1,1,5,8,18,8696
1000027,P00266642,M,26-35,11,C,1,1,1,8,9,7730
1000027,P00323742,M,26-35,11,C,1,1,8,,,9836
1000027,P00116342,M,26-35,11,C,1,1,2,,,16500
1000027,P00117142,M,26-35,11,C,1,1,2,17,,15903
1000028,P00084442,F,26-35,1,C,2,1,13,16,,758
1000028,P00331542,F,26-35,1,C,2,1,5,8,,6904
1000028,P00118742,F,26-35,1,C,2,1,5,11,,8690
